email,senha
0.16116085486392676@mail.com,user123
0.12869018148801054@mail.com,user123
0.618640637528044@mail.com,user123
0.9477836326782458@mail.com,user123
0.16860051262914727@mail.com,user123
0.15081945740603087@mail.com,user123
0.9175008906098625@mail.com,user123
0.7590215889211978@mail.com,user123
0.8975053521726567@mail.com,user123                                                                           
0.8695366796351102@mail.com,user123
0.8403873692526327@mail.com,user123
0.20192959879518857@mail.com,user123
0.570020277587515@mail.com,user123
0.7432564056944317@mail.com,user123
0.25045556205542846@mail.com,user123
0.7526887678751729@mail.com,user123
0.9115792789161177@mail.com,user123
0.5092315543866607@mail.com,user123
0.266536104177209@mail.com,user123